Site	PH2015_01D	PH2015_01U	PH2015_02D	PH2015_02U	PH2015_03D	PH2015_03U	PH2015_04D	PH2015_04U	PH2015_05S	PH2015_06S	PH2015_07D	PH2015_07U	PH2015_08D	PH2015_08U	PH2015_09S	PH2015_10S	PH2015_11S	PH2015_12D	PH2015_12U	PH2015_13D	PH2015_13U	PH2015_14S	PH2017_01_SCD_O_A	PH2017_02_FOX_O_A	PH2017_03_ELD_O_A	PH2017_04_SCI_O_A	PH2017_05_CCC_O_A	PH2017_06_SFM_O_A	PH2017_07_MST_O_A	PH2017_08_TRC_O_A	PH2017_09_SFU_O_A	PH2017_10_PVI_O_A	PH2017_11_PCY_U_A	PH2017_12_PCY_D_A	PH2017_13_LAR_U_A	PH2017_14_LAR_D_A	PH2017_15_JOR_U_A	PH2017_16_JOR_D_A	PH2017_17_BER_D_A	PH2017_18_LLB_O_A	PH2017_19_SFW_U_A	PH2017_20_SFW_D_A	PH2017_24_DOB_U_A	PH2017_25_DOB_D_A	PH2017_26_ELK_O_A	PH2017_27_LUM_O_A	PH2017_28_MFU_U_A	PH2017_29_MFU_D_A	PH2017_30_WIL_O_A	PH2017_31_RDM_U_A	PH2017_32_RDM_D_A	PH2017_33_LGB_O_A	PH2017_34_RAT_O_A	PH2017_35_SFW_U_B	PH2017_36_ELK_O_B	PH2017_37_MFU_D_B	PH2017_38_RDM_U_B	PH2017_39_LGB_O_B	PH2017_40_RAT_O_B
PH2015_01D	0	14.567727513802977	26578.211028049616	26570.27945447798	26701.509809661624	26807.56499180166	26502.49805537437	26549.39779715148	33866.29821867657	55358.05443221203	59977.5777459646	59268.88075773027	102589.56322151184	102513.57465237554	318384.3076634964	316560.02078017633	184899.4376067383	177560.9434478112	177575.51386829445	145673.7142574231	145757.6949985195	146891.13007932217	26576.60868590813	3153.0662348766705	44.99186993235277	2281.998493403091	26481.010853178614	15219.957074971444	331130.94421226205	331517.52017224155	101778.6472261886	104893.75618564426	59931.50722359745	59931.50722359745	145708.86047803986	145708.86047803986	159451.23180624915	159451.23180624915	152390.14286921415	233207.9946669276	3113.508433794094	3113.508433794094	184905.13659952296	184905.13659952296	118574.59841932556	55358.92242688582	318513.2703630167	318513.2703630167	312820.02600928786	46896.44001820313	46896.44001820313	30459.02828278032	27521.50085687009	3113.508433794094	118574.59841932556	318513.2703630167	46896.44001820313	30459.02828278032	27521.50085687009
PH2015_01U	14.567727513802977	0	26592.77875556342	26584.847181991783	26716.077537175428	26822.132719315465	26517.065782888174	26563.965524665284	33880.86594619037	55372.622159725834	59992.1454734784	59283.44848524407	102604.13094902564	102528.14237988934	318398.8753910102	316574.5885076901	184914.0053342521	177575.51117532502	177590.08159580827	145688.2819849369	145772.2627260333	146905.697806836	26591.176413421934	3167.6339623904737	30.424142418549792	2296.566220916894	26495.578580692418	15234.524802485246	331145.51193977584	331532.08789975534	101793.2149537024	104908.32391315806	59946.07495111125	59946.07495111125	145723.42820555368	145723.42820555368	159465.79953376297	159465.79953376297	152404.71059672796	233222.56239444143	3128.076161307897	3128.076161307897	184919.70432703677	184919.70432703677	118589.16614683936	55373.490154399624	318527.8380905305	318527.8380905305	312834.59373680165	46911.00774571693	46911.00774571693	30473.596010294124	27536.068584383895	3128.076161307897	118589.16614683936	318527.8380905305	46911.00774571693	30473.596010294124	27536.068584383895
PH2015_02D	26578.211028049613	26592.778755563417	0	7.931573571634635	440.9911440879922	547.0463262280314	241.97938980073764	288.87913157784664	7288.087190626953	28779.84340416242	33399.36671791498	32690.66972968066	76011.35219346221	75935.36362432591	291806.09663544677	289981.8097521267	158321.22657868871	150982.73241976163	150997.30284024487	119095.5032293735	119179.4839704699	120312.91905127259	1.602342141487622	23546.535117057843	26623.202897981966	28608.68388474426	220.4921876049866	41546.642466312616	304552.7331842124	304939.3091441919	75200.43619813897	78315.54515759464	33353.29619554783	33353.29619554783	119130.64944999026	119130.64944999026	132873.02077819957	132873.02077819957	125811.93184116452	206629.78363887803	23464.702594255523	23464.702594255523	158326.92557147337	158326.92557147337	91996.38739127593	28780.71139883621	291935.05933496705	291935.05933496705	286241.8149812382	20318.22899015352	20318.22899015352	3880.8172547307063	15035.40400084046	23464.702594255523	91996.38739127593	291935.05933496705	20318.22899015352	3880.8172547307063	15035.40400084046
PH2015_02U	26570.279454477975	26584.84718199178	7.931573571634592	0	433.05957051635755	539.1147526563968	234.04781622910303	280.94755800621203	7296.0187641985885	28787.774977734058	33407.298291486615	32698.601303252293	76019.28376703385	75943.29519789755	291814.0282090184	289989.7413256983	158329.15815226035	150990.66399333326	151005.2344138165	119103.43480294514	119187.41554404153	120320.85062484423	6.329231430146863	23538.603543486206	26615.27132441033	28600.752311172622	212.56061403335198	41538.710892740986	304560.66475778405	304947.24071776355	75208.3677717106	78323.47673116627	33361.22776911947	33361.22776911947	119138.5810235619	119138.5810235619	132880.9523517712	132880.9523517712	125819.86341473616	206637.71521244966	23456.771020683886	23456.771020683886	158334.857145045	158334.857145045	92004.31896484757	28788.642972407844	291942.9909085387	291942.9909085387	286249.74655480986	20326.160563725152	20326.160563725152	3888.7488283023413	15027.472427268827	23456.771020683886	92004.31896484757	291942.9909085387	20326.160563725152	3888.7488283023413	15027.472427268827
PH2015_03D	26701.50980966162	26716.077537175424	440.9911440879923	433.0595705163578	0	106.05518214003922	199.01175428725455	152.11201251014555	7729.078334714945	29220.834548250416	33840.35786200297	33131.66087376865	76452.3433375502	76376.3547684139	292247.0877795348	290422.8008962147	158762.2177227767	151423.7235638496	151438.29398433285	119536.4943734615	119620.47511455789	120753.91019536059	439.3888019465046	23669.83389866985	26746.501679593974	28731.982666356267	220.4989564830056	41669.941247924624	304993.72432830045	305380.30028827995	75641.42734222696	78756.53630168263	33794.287339635826	33794.287339635826	119571.64059407826	119571.64059407826	133314.01192228755	133314.01192228755	126252.92298525252	207070.774782966	23588.00137586753	23588.00137586753	158767.91671556135	158767.91671556135	92437.37853536393	29221.702542924202	292376.0504790551	292376.0504790551	286682.80612532626	20759.22013424151	20759.22013424151	4321.808398818699	15158.702782452468	23588.00137586753	92437.37853536393	292376.0504790551	20759.22013424151	4321.808398818699	15158.702782452468
PH2015_03U	26807.564991801657	26822.13271931546	547.0463262280316	539.114752656397	106.05518214003922	0	305.0669364272938	258.1671946501848	7835.133516854985	29326.889730390452	33946.41304414302	33237.71605590869	76558.39851969025	76482.40995055395	292353.14296167484	290528.85607835476	158868.27290491672	151529.77874598964	151544.34916647288	119642.54955560154	119726.53029669794	120859.96537750063	545.4439840865439	23775.889080809888	26852.55686173401	28838.037848496304	326.5541386230448	41775.99643006467	305099.7795104405	305486.35547042	75747.482524367	78862.59148382267	33900.34252177587	33900.34252177587	119677.6957762183	119677.6957762183	133420.06710442758	133420.06710442758	126358.97816739256	207176.82996510604	23694.056558007567	23694.056558007567	158873.97189770138	158873.97189770138	92543.43371750397	29327.75772506424	292482.1056611951	292482.1056611951	286788.8613074663	20865.275316381547	20865.275316381547	4427.863580958738	15264.757964592507	23694.056558007567	92543.43371750397	292482.1056611951	20865.275316381547	4427.863580958738	15264.757964592507
PH2015_04D	26502.498055374363	26517.065782888167	241.97938980073775	234.0478162291032	199.01175428725455	305.0669364272938	0	46.89974177710899	7530.0665804276905	29021.822793963158	33641.34610771572	32932.64911948139	76253.33158326296	76177.34301412666	292048.0760252475	290223.78914192744	158563.20596848943	151224.71180956234	151239.2822300456	119337.48261917425	119421.46336027065	120554.89844107334	240.37704765925002	23470.822144382593	26547.489925306716	28532.97091206901	21.48720219575104	41470.92949363737	304794.71257401316	305181.28853399266	75442.41558793971	78557.52454739538	33595.27558534857	33595.27558534857	119372.62883979101	119372.62883979101	133115.0001680003	133115.0001680003	126053.91123096527	206871.76302867875	23388.989621580273	23388.989621580273	158568.9049612741	158568.9049612741	92238.36678107668	29022.690788636944	292177.0387247678	292177.0387247678	286483.79437103897	20560.208379954252	20560.208379954252	4122.796644531444	14959.691028165214	23388.989621580273	92238.36678107668	292177.0387247678	20560.208379954252	4122.796644531444	14959.691028165214
PH2015_04U	26549.397797151472	26563.965524665276	288.87913157784675	280.94755800621215	152.11201251014555	258.1671946501848	46.89974177710899	0	7576.9663222048	29068.722535740268	33688.24584949283	32979.5488612585	76300.23132504006	76224.24275590376	292094.9757670246	290270.68888370454	158610.10571026657	151271.61155133948	151286.18197182272	119384.38236095135	119468.36310204775	120601.79818285044	287.276789436359	23517.721886159703	26594.389667083826	28579.87065384612	68.38694397286004	41517.82923541448	304841.61231579026	305228.18827576976	75489.31532971682	78604.42428917249	33642.17532712568	33642.17532712568	119419.52858156811	119419.52858156811	133161.89990977742	133161.89990977742	126100.81097274237	206918.66277045588	23435.889363357383	23435.889363357383	158615.80470305122	158615.80470305122	92285.26652285378	29069.590530414054	292223.9384665449	292223.9384665449	286530.69411281607	20607.108121731362	20607.108121731362	4169.696386308553	15006.590769942322	23435.889363357383	92285.26652285378	292223.9384665449	20607.108121731362	4169.696386308553	15006.590769942322
PH2015_05S	33866.298218676566	33880.865946190366	7288.087190626953	7296.018764198588	7729.078334714945	7835.133516854985	7530.066580427691	7576.966322204799	0	21491.75621353547	26111.27952728803	25402.582539053707	68723.26500283527	68647.27643369896	284518.00944481976	282693.7225614997	151033.13938806177	143694.64522913468	143709.21564961792	111807.41603874655	111891.39677984295	113024.83186064565	7289.689532768441	30834.622307684796	33911.29008860892	35896.77107537121	7508.57937823194	48834.72965693957	297264.6459935854	297651.2219535649	67912.34900751202	71027.45796696769	26065.209004920882	26065.209004920882	111842.56225936332	111842.56225936332	125584.93358757261	125584.93358757261	118523.84465053758	199341.69644825108	30752.789784882476	30752.789784882476	151038.83838084643	151038.83838084643	84708.30020064898	21492.624208209258	284646.97214434005	284646.97214434005	278953.7277906112	13030.141799526562	13030.141799526562	3407.269935896247	22323.491191467416	30752.789784882476	84708.30020064898	284646.97214434005	13030.141799526562	3407.269935896247	22323.491191467416
PH2015_06S	55358.054432212055	55372.622159725855	28779.843404162428	28787.774977734058	29220.834548250416	29326.889730390452	29021.82279396316	29068.72253574027	21491.756213535467	0	4619.523313752561	3910.8263255182383	47231.5087892998	47155.5202201635	263026.25323128427	261201.96634796416	129541.38317452627	122202.88901559918	122217.45943608244	90315.65982521109	90399.64056630748	91533.07564711018	28781.445746303914	52326.37852122028	55403.0463021444	57388.5272889067	29000.335591767405	70326.48587047504	275772.8897800499	276159.4657400294	46420.59279397654	49535.7017534322	4573.452791385415	4573.452791385415	90350.80604582785	90350.80604582785	104093.17737403714	104093.17737403714	97032.08843700211	177849.94023471558	52244.54599841796	52244.54599841796	129547.08216731093	129547.08216731093	63216.543987113524	0.867994673784646	263155.21593080455	263155.21593080455	257461.9715770757	9590.439660453923	9590.439660453923	24899.026149431716	43815.24740500289	52244.54599841796	63216.543987113524	263155.21593080455	9590.439660453923	24899.026149431716	43815.24740500289
PH2015_07D	59977.57774596462	59992.14547347842	33399.366717914985	33407.298291486615	33840.35786200297	33946.41304414301	33641.34610771572	33688.24584949283	26111.279527288025	4619.52331375256	0	708.6969882343219	42611.98547554723	42535.99690641093	258406.72991753163	256582.44303421158	124921.85986077372	117583.36570184663	117597.93612232989	85696.13651145854	85780.11725255493	86913.55233335763	33400.96906005647	56945.90183497284	60022.569615896966	62008.05060265926	33619.85890551996	74946.0091842276	271153.36646629736	271539.94242627686	41801.069480223974	44916.178439679636	46.07052236714564	46.07052236714564	85731.2827320753	85731.2827320753	99473.65406028459	99473.65406028459	92412.56512324956	173230.416920963	56864.069312170526	56864.069312170526	124927.55885355838	124927.55885355838	58597.02067336096	4618.655319078775	258535.69261705191	258535.69261705191	252842.4482633231	14209.962974206484	14209.962974206484	29518.549463184274	48434.770718755455	56864.069312170526	58597.02067336096	258535.69261705191	14209.962974206484	29518.549463184274	48434.770718755455
PH2015_07U	59268.880757730294	59283.448485244095	32690.669729680667	32698.601303252297	33131.660873768655	33237.71605590869	32932.6491194814	32979.54886125851	25402.582539053707	3910.8263255182387	708.6969882343219	0	43320.68246378156	43244.69389464526	259115.42690576595	257291.1400224459	125630.55684900805	118292.06269008096	118306.63311056422	86404.83349969286	86488.81424078926	87622.24932159195	32692.272071822154	56237.20484673852	59313.87262766264	61299.35361442494	32911.161917285644	74237.31219599329	271862.06345453166	272248.63941451116	42509.7664684583	45624.87542791396	662.6264658671763	662.6264658671763	86439.97972030962	86439.97972030962	100182.35104851892	100182.35104851892	93121.26211148388	173939.11390919733	56155.3723239362	56155.3723239362	125636.2558417927	125636.2558417927	59305.717661595285	3909.958330844454	259244.38960528624	259244.38960528624	253551.14525155743	13501.265985972163	13501.265985972163	28809.852474949956	47726.07373052113	56155.3723239362	59305.717661595285	259244.38960528624	13501.265985972163	28809.852474949956	47726.07373052113
PH2015_08D	102589.56322151187	102604.13094902567	76011.35219346224	76019.28376703388	76452.34333755024	76558.39851969026	76253.33158326297	76300.23132504009	68723.26500283527	47231.5087892998	42611.98547554723	43320.68246378155	0	75.98856913629677	215794.74444198434	213970.4575586643	82309.87438522649	74971.3802262994	74985.95064678266	43084.15103591132	43168.13177700772	44301.566857810416	76012.95453560373	99557.88731052009	102634.55509144421	104620.03607820651	76231.84438106722	117557.99465977483	228541.38099075007	228927.95695072957	810.9159953232604	2304.1929641324004	42658.05599791437	42658.05599791437	43119.29725652808	43119.29725652808	56861.66858473737	56861.66858473737	49800.579647702354	130618.43144541568	99476.05478771777	99476.05478771777	82315.57337801115	82315.57337801115	15985.035197813711	47230.640794626015	215923.70714150462	215923.70714150462	210230.46278777582	56821.94844975372	56821.94844975372	72130.534938731507	91046.75619430272	99476.05478771777	15985.035197813711	215923.70714150462	56821.94844975372	72130.534938731507	91046.75619430272
PH2015_08U	102513.57465237557	102528.14237988937	75935.36362432594	75943.29519789758	76376.35476841393	76482.40995055396	76177.34301412667	76224.24275590379	68647.27643369896	47155.520220163504	42535.99690641094	43244.69389464526	75.98856913629675	0	215870.7330111206	214046.44612780056	82385.86295436279	75047.3687954357	75061.93921591896	43160.139605047625	43244.120346144024	44377.55542694672	75936.96596646743	99481.89874138379	102558.56652230791	104544.04750907021	76155.85581193092	117482.00609063853	228617.36955988634	229003.94551986584	734.9274261869637	2380.1815332686974	42582.06742877808	42582.06742877808	43195.28582566438	43195.28582566438	56937.65715387367	56937.65715387367	49876.568216838656	130694.42001455199	99400.06621858147	99400.06621858147	82391.56194714745	82391.56194714745	16061.02376695001	47154.65222548972	215999.6957106409	215999.6957106409	210306.4513569121	56745.959880617425	56745.959880617425	72054.5463695952	90970.76762516642	99400.06621858147	16061.02376695001	215999.6957106409	56745.959880617425	72054.5463695952	90970.76762516642
PH2015_09S	318384.30766349606	318398.87539100985	291806.09663544636	291814.028209018	292247.08777953434	292353.1429616744	292048.0760252471	292094.9757670242	284518.0094448194	263026.253231284	258406.72991753145	259115.42690576575	215794.74444198413	215870.73301112044	0	1824.2868833200473	154038.43073840396	146699.9365794768	146714.50699996008	186134.0181620345	186217.9989031309	187351.43398393362	291807.69897758786	315352.6317525043	318429.2995334284	320414.7805201907	292026.58882305137	333352.7391017589	118152.17352976777	118538.74948974724	216605.6604373074	213490.55147785178	258452.8004398986	258452.8004398986	186169.16438265127	186169.16438265127	199911.53571086057	199911.53571086057	192850.4467738255	273668.29857153876	315270.79922970204	315270.79922970204	154044.12973118862	154044.12973118862	199809.7092441705	263025.3852366102	128.9626995202845	128.9626995202845	7035.755631022892	272616.6928917378	272616.6928917378	287925.2793807157	306841.50063628703	315270.79922970204	199809.7092441705	128.9626995202845	272616.6928917378	287925.2793807157	306841.50063628703
PH2015_10S	316560.02078017604	316574.5885076898	289981.80975212634	289989.741325698	290422.8008962143	290528.8560783544	290223.7891419271	290270.6888837042	282693.7225614994	261201.96634796396	256582.4430342114	257291.1400224457	213970.4575586641	214046.4461278004	1824.2868833200473	0	152214.1438550839	144875.64969615676	144890.22011664003	184309.73127871446	184393.71201981086	185527.14710061357	289983.41209426784	313528.3448691843	316605.0126501084	318590.4936368707	290202.30193973135	331528.4522184389	116327.8866464477	116714.46260642717	214781.37355398736	211666.26459453173	256628.51355657855	256628.51355657855	184344.87749933123	184344.87749933123	198087.24882754052	198087.24882754052	191026.15989050546	271844.01168821874	313446.512346382	313446.512346382	152219.84284786857	152219.84284786857	197985.42236085044	261201.09835329017	1953.2495828403319	1953.2495828403319	5211.468747702845	270792.4060084178	270792.4060084178	286100.99249739567	305017.213752967	313446.512346382	197985.42236085044	1953.2495828403319	270792.4060084178	286100.99249739567	305017.213752967
PH2015_11S	184899.43760673841	184914.0053342522	158321.22657868871	158329.15815226035	158762.2177227767	158868.27290491678	158563.20596848946	158610.10571026657	151033.1393880617	129541.38317452632	124921.85986077375	125630.55684900808	82309.87438522647	82385.86295436278	154038.43073840387	152214.1438550838	0	7338.494158927078	7323.923738443817	52649.14810527683	52733.12884637322	53866.56392717593	158322.82892083022	181867.76169574668	184944.42947667075	186929.91046343307	158541.71876629372	199867.8690450014	166785.06728716957	167171.64324714907	83120.79038054973	80005.6814210941	124967.93038314089	124967.93038314089	52684.29432589358	52684.29432589358	66426.6656541029	66426.6656541029	59365.57671706785	140183.42851478118	181785.92917294434	181785.92917294434	5.698992784665932	5.698992784665932	66324.8391874128	129540.51517985253	154167.39343792415	154167.39343792415	148474.14908419532	139131.82283498024	139131.82283498024	154440.40932395804	173356.63057952933	181785.92917294434	66324.8391874128	154167.39343792415	139131.82283498024	154440.40932395804	173356.63057952933
PH2015_12D	177560.94344781133	177575.5111753251	150982.73241976163	150990.66399333326	151423.7235638496	151529.7787459897	151224.71180956237	151271.61155133948	143694.64522913462	122202.88901559924	117583.36570184668	118292.062690081	74971.3802262994	75047.3687954357	146699.93657947678	144875.6496961567	7338.4941589270775	0	14.570420483261747	45310.653946349754	45394.634687446145	46528.06976824885	150984.33476190313	174529.2675368196	177605.93531774366	179591.41630450598	151203.22460736663	192529.3748860743	159446.57312824248	159833.14908822198	75782.29622162266	72667.18726216702	117629.43622421382	117629.43622421382	45345.8001669665	45345.8001669665	59088.17149517581	59088.17149517581	52027.08255814078	132844.9343558541	174447.43501401725	174447.43501401725	7344.193151711744	7344.193151711744	58986.345028485724	122202.02102092546	146828.89927899707	146828.89927899707	141135.65492526823	131793.32867605315	131793.32867605315	147101.91516503095	166018.13642060224	174447.43501401725	58986.345028485724	146828.89927899707	131793.32867605315	147101.91516503095	166018.13642060224
PH2015_12U	177575.5138682946	177590.08159580838	150997.3028402449	151005.23441381654	151438.29398433288	151544.34916647297	151239.28223004565	151286.18197182275	143709.2156496179	122217.4594360825	117597.93612232993	118306.63311056426	74985.95064678266	75061.93921591896	146714.50699996005	144890.22011663998	7323.923738443816	14.57042048326182	0	45325.22436683301	45409.2051079294	46542.64018873211	150998.9051823864	174543.83795730287	177620.50573822693	179605.98672498926	151217.7950278499	192543.94530655758	159461.14354872575	159847.71950870525	75796.86664210592	72681.75768265028	117644.00664469707	117644.00664469707	45360.37058744976	45360.37058744976	59102.74191565907	59102.74191565907	52041.652978624035	132859.50477633736	174462.00543450052	174462.00543450052	7329.622731228482	7329.622731228482	59000.91544896898	122216.59144140872	146843.46969948034	146843.46969948034	141150.2253457515	131807.89909653642	131807.89909653642	147116.48558551422	166032.7068410855	174462.00543450052	59000.91544896898	146843.46969948034	131807.89909653642	147116.48558551422	166032.7068410855
PH2015_13D	145673.71425742313	145688.28198493694	119095.50322937356	119103.4348029452	119536.49437346155	119642.54955560158	119337.48261917429	119384.38236095141	111807.41603874658	90315.65982521114	85696.13651145858	86404.8334996929	43084.15103591129	43160.13960504758	186134.01816203463	184309.73127871458	52649.14810527681	45310.653946349725	45325.22436683299	0	83.98074109639387	1386.5397684307181	119097.10557151504	142642.0383464314	145718.7061273555	147704.18711411778	119315.99541697853	160642.14569568614	198880.65471080036	199267.23067077986	43895.06703123454	40779.958071778885	85742.20703382572	85742.20703382572	35.14622061675285	35.14622061675285	13946.64149535767	13946.64149535767	6885.552558322646	87703.40435603599	142560.20582362908	142560.20582362908	52654.84709806147	52654.84709806147	27099.11583809759	90314.79183053736	186262.9808615549	186262.9808615549	180569.7365078261	99906.099485665065	99906.099485665065	115214.68597464282	134130.90723021404	142560.20582362908	27099.11583809759	186262.9808615549	99906.099485665065	115214.68597464282	134130.90723021404
PH2015_13U	145757.69499851952	145772.26272603334	119179.48397046996	119187.41554404159	119620.47511455795	119726.53029669798	119421.46336027069	119468.3631020478	111891.39677984298	90399.64056630754	85780.11725255498	86488.8142407893	43168.13177700768	43244.12034614397	186217.99890313103	184393.71201981098	52733.1288463732	45394.634687446116	45409.20510792938	83.98074109639387	0	1470.520509527112	119181.08631261144	142726.0190875278	145802.68686845188	147788.16785521418	119399.97615807493	160726.12643678254	198964.63545189676	199351.21141187625	43979.04777233093	40863.938812875276	85826.18777492212	85826.18777492212	48.83452047964102	48.83452047964102	14030.622236454063	14030.622236454063	6969.53329941904	87787.38509713238	142644.18656472547	142644.18656472547	52738.827839157864	52738.827839157864	27183.096579193985	90398.77257163376	186346.9616026513	186346.9616026513	180653.7172489225	99990.08022676146	99990.08022676146	115298.66671573922	134214.88797131044	142644.18656472547	27183.096579193985	186346.9616026513	99990.08022676146	115298.66671573922	134214.88797131044
PH2015_14S	146891.13007932223	146905.69780683605	120312.91905127265	120320.85062484429	120753.91019536066	120859.96537750069	120554.8984410734	120601.7981828505	113024.83186064567	91533.07564711024	86913.55233335769	87622.24932159201	44301.56685781039	44377.55542694668	187351.43398393373	185527.14710061369	53866.56392717591	46528.069768248824	46542.64018873209	1386.5397684307181	1470.5205095271122	0	120314.52139341415	143859.4541683305	146936.1219492546	148921.6029360169	120533.41123887763	161859.56151758524	200098.07053269946	200484.64649267896	45112.48285313364	41997.373893677985	86959.62285572483	86959.62285572483	1421.6859890474711	1421.6859890474711	12560.10172692695	12560.10172692695	5499.012789891928	86316.86458760526	143777.62164552818	143777.62164552818	53872.26291996057	53872.26291996057	28316.53165999669	91532.20765243645	187480.39668345402	187480.39668345402	181787.1523297252	101123.51530756417	101123.51530756417	116432.10179654192	135348.32305211315	143777.62164552818	28316.53165999669	187480.39668345402	101123.51530756417	116432.10179654192	135348.32305211315
PH2017_01_SCD_O_A	26576.608685908122	26591.176413421927	1.602342141487729	6.329231430147013	439.3888019465046	545.4439840865439	240.37704765925002	287.276789436359	7289.6895327684415	28781.44574630391	33400.969060056465	32692.272071822146	76012.9545356037	75936.9659664674	291807.69897758827	289983.4120942682	158322.8289208302	150984.3347619031	150998.90518238634	119097.10557151499	119181.08631261138	120314.52139341408	0	23544.932774916353	26621.600555840476	28607.08154260277	218.889845463499	41545.04012417113	304554.3355263539	304940.9114863334	75202.03854028045	78317.14749973612	33354.89853768932	33354.89853768932	119132.25179213175	119132.25179213175	132874.62312034104	132874.62312034104	125813.53418330601	206631.3859810195	23463.100252114033	23463.100252114033	158328.52791361485	158328.52791361485	91997.98973341742	28782.313740977697	291936.66167710855	291936.66167710855	286243.4173233797	20319.831332295005	20319.831332295005	3882.4195968721942	15033.801658698974	23463.100252114033	91997.98973341742	291936.66167710855	20319.831332295005	3882.4195968721942	15033.801658698974
PH2017_02_FOX_O_A	3153.0662348766705	3167.6339623904737	23546.535117057843	23538.603543486206	23669.83389866985	23775.889080809888	23470.822144382597	23517.721886159707	30834.622307684796	52326.37852122026	56945.90183497282	56237.204846738496	99557.88731052006	99481.89874138376	315352.6317525046	313528.34486918454	181867.76169574654	174529.26753681945	174543.8379573027	142642.03834643133	142726.01908752773	143859.4541683304	23544.932774916357	0	3198.0581048090235	5183.539091571317	23449.33494218684	18121.49767313967	328099.26830127026	328485.84426124976	98746.97131519682	101862.08027465249	56899.831312605675	56899.831312605675	142677.1845670481	142677.1845670481	156419.5558952574	156419.5558952574	149358.4669582224	230176.31875593585	81.83252280232026	81.83252280232026	181873.4606885312	181873.4606885312	115542.92250833378	52327.24651589405	315481.5944520249	315481.5944520249	309788.35009829607	43864.764107211355	43864.764107211355	27427.352371788547	24489.824945878318	81.83252280232026	115542.92250833378	315481.5944520249	43864.764107211355	27427.352371788547	24489.824945878318
PH2017_03_ELD_O_A	44.99186993235277	30.424142418549792	26623.20289798197	26615.271324410332	26746.501679593977	26852.556861734014	26547.489925306723	26594.389667083833	33911.29008860892	55403.04630214438	60022.569615896944	59313.87262766262	102634.55509144418	102558.56652230788	318429.29953342874	316605.01265010866	184944.42947667066	177605.93531774357	177620.5057382268	145718.70612735546	145802.68686845186	146936.12194925454	26621.600555840483	3198.0581048090235	0	2326.990363335444	26526.002723110967	15264.948944903797	331175.9360821944	331562.5120421739	101823.63909612094	104938.74805557661	59976.4990935298	59976.4990935298	145753.85234797222	145753.85234797222	159496.22367618151	159496.22367618151	152435.1347391465	233252.98653685997	3158.500303726447	3158.500303726447	184950.12846945532	184950.12846945532	118619.5902892579	55403.91429681817	318558.262232949	318558.262232949	312865.0178792202	46941.43188813548	46941.43188813548	30504.020152712674	27566.492726802444	3158.500303726447	118619.5902892579	318558.262232949	46941.43188813548	30504.020152712674	27566.492726802444
PH2017_04_SCI_O_A	2281.998493403091	2296.5662209168936	28608.683884744263	28600.752311172626	28731.98266635627	28838.037848496308	28532.970912069017	28579.870653846127	35896.771075371216	57388.52728890668	62008.05060265924	61299.353614424916	104620.03607820648	104544.04750907018	320414.780520191	318590.49363687093	186929.91046343296	179591.41630450587	179605.9867249891	147704.18711411775	147788.16785521415	148921.60293601683	28607.081542602777	5183.539091571317	2326.990363335444	0	28511.48370987326	12937.958581568353	333161.41706895665	333547.99302893615	103809.12008288324	106924.2290423389	61961.980080292094	61961.980080292094	147739.33333473452	147739.33333473452	161481.7046629438	161481.7046629438	154420.6157259088	235238.46752362227	5143.98129048874	5143.98129048874	186935.60945621761	186935.60945621761	120605.0712760202	57389.39528358047	320543.7432197113	320543.7432197113	314850.49886598246	48926.912874897775	48926.912874897775	32489.501139474967	29551.973713564737	5143.98129048874	120605.0712760202	320543.7432197113	48926.912874897775	32489.501139474967	29551.973713564737
PH2017_05_CCC_O_A	26481.010853178614	26495.578580692418	220.49218760498673	212.56061403335215	220.4989564830056	326.5541386230448	21.48720219575104	68.38694397286004	7508.57937823194	29000.33559176741	33619.85890551997	32911.161917285644	76231.8443810672	76155.8558119309	292026.5888230518	290202.3019397317	158541.7187662937	151203.2246073666	151217.79502784985	119315.99541697849	119399.97615807489	120533.41123887758	218.889845463499	23449.334942186844	26526.002723110967	28511.48370987326	0	41449.44229144162	304773.2253718174	305159.8013317969	75420.92838574396	78536.03734519963	33573.78838315282	33573.78838315282	119351.14163759525	119351.14163759525	133093.51296580455	133093.51296580455	126032.42402876951	206850.275826483	23367.502419384524	23367.502419384524	158547.41775907835	158547.41775907835	92216.87957888092	29001.203586441196	292155.55152257206	292155.55152257206	286462.3071688432	20538.721177758503	20538.721177758503	4101.309442335693	14938.203825969464	23367.502419384524	92216.87957888092	292155.55152257206	20538.721177758503	4101.309442335693	14938.203825969464
PH2017_06_SFM_O_A	15219.957074971444	15234.524802485248	41546.642466312616	41538.71089274098	41669.94124792462	41775.99643006465	41470.92949363737	41517.82923541448	48834.72965693956	70326.48587047502	74946.0091842276	74237.31219599328	117557.99465977483	117482.00609063853	333352.73910175933	331528.45221843926	199867.86904500137	192529.37488607428	192543.94530655752	160642.14569568617	160726.12643678256	161859.56151758524	41545.04012417113	18121.49767313967	15264.948944903797	12937.958581568353	41449.442291441614	0	346099.375650525	346485.9516105045	116747.07866445159	119862.18762390724	74899.93866186046	74899.93866186046	160677.29191630293	160677.29191630293	174419.66324451222	174419.66324451222	167358.57430747722	248176.42610519068	18081.939872057093	18081.939872057093	199873.56803778603	199873.56803778603	133543.02985758855	70327.35386514882	333481.7018012796	333481.7018012796	327788.4574475508	61864.87145646612	61864.87145646612	45427.45972104331	42489.93229513308	18081.939872057093	133543.02985758855	333481.7018012796	61864.87145646612	45427.45972104331	42489.93229513308
PH2017_07_MST_O_A	331130.9442122619	331145.51193977566	304552.7331842123	304560.66475778393	304993.7243283003	305099.7795104403	304794.712574013	304841.61231579015	297264.6459935852	275772.8897800496	271153.3664662971	271862.0634545314	228541.3809907499	228617.3695598862	118152.17352976778	116327.88664644773	166785.0672871697	159446.5731282426	159461.14354872584	198880.65471080027	198964.63545189667	200098.07053269938	304554.33552635374	328099.26830127015	331175.9360821942	333161.41706895654	304773.22537181724	346099.37565052474	0	386.5759599794726	229352.29698607317	226237.18802661754	271199.43698866427	271199.43698866427	198915.80093141703	198915.80093141703	212658.17225962633	212658.17225962633	205597.08332259126	286414.93512030464	328017.43577846786	328017.43577846786	166790.76627995435	166790.76627995435	212556.34579293625	275772.02178537584	118281.13622928807	118281.13622928807	112587.89187555926	285363.32944050373	285363.32944050373	300671.9159294815	319588.1371850529	328017.43577846786	212556.34579293625	118281.13622928807	285363.32944050373	300671.9159294815	319588.1371850529
PH2017_08_TRC_O_A	331517.5201722413	331532.0878997551	304939.30914419173	304947.2407177634	305380.3002882797	305486.35547041974	305181.2885339924	305228.1882757696	297651.2219535646	276159.46574002906	271539.94242627657	272248.63941451086	228927.95695072936	229003.94551986567	118538.74948974726	116714.46260642722	167171.64324714916	159833.14908822207	159847.7195087053	199267.23067077974	199351.21141187614	200484.64649267885	304940.9114863332	328485.8442612496	331562.51204217365	333547.993028936	305159.8013317967	346485.9516105042	386.57595997947266	0	229738.87294605264	226623.763986597	271586.0129486437	271586.0129486437	199302.3768913965	199302.3768913965	213044.7482196058	213044.7482196058	205983.65928257073	286801.5110802841	328404.0117384473	328404.0117384473	167177.34223993382	167177.34223993382	212942.92175291572	276158.5977453553	118667.71218926755	118667.71218926755	112974.46783553874	285749.90540048317	285749.90540048317	301058.49188946094	319974.71314503235	328404.0117384473	212942.92175291572	118667.71218926755	285749.90540048317	301058.49188946094	319974.71314503235
PH2017_09_SFU_O_A	101778.64722618861	101793.21495370241	75200.43619813898	75208.36777171062	75641.42734222698	75747.482524367	75442.41558793971	75489.31532971683	67912.349007512	46420.59279397653	41801.06948022397	42509.766468458285	810.9159953232604	734.9274261869637	216605.66043730758	214781.37355398753	83120.79038054976	75782.29622162267	75796.86664210593	43895.06703123459	43979.04777233099	45112.48285313368	75202.03854028047	98746.97131519683	101823.63909612095	103809.12008288325	75420.92838574396	116747.07866445158	229352.2969860733	229738.8729460528	0	3115.108959455661	41847.140002591106	41847.140002591106	43930.213251851346	43930.213251851346	57672.58458006063	57672.58458006063	50611.49564302562	131429.34744073896	98665.13879239451	98665.13879239451	83126.48937333442	83126.48937333442	16795.951193136974	46419.72479930275	216734.62313682787	216734.62313682787	211041.37878309906	56011.03245443045	56011.03245443045	71319.61894340825	90235.84019897947	98665.13879239451	16795.951193136974	216734.62313682787	56011.03245443045	71319.61894340825	90235.84019897947
PH2017_10_PVI_O_A	104893.75618564426	104908.32391315806	78315.54515759464	78323.47673116627	78756.53630168263	78862.59148382266	78557.52454739537	78604.42428917249	71027.45796696766	49535.70175343221	44916.17843967964	45624.87542791396	2304.1929641324004	2380.1815332686974	213490.55147785193	211666.26459453188	80005.68142109408	72667.18726216699	72681.75768265025	40779.95807177892	40863.93881287532	41997.373893678014	78317.14749973612	101862.08027465249	104938.74805557661	106924.2290423389	78536.03734519961	119862.18762390723	226237.18802661766	226623.76398659716	3115.108959455661	0	44962.24896204678	44962.24896204678	40815.10429239568	40815.10429239568	54557.475620604964	54557.475620604964	47496.38668356995	128314.23848128328	101780.24775185017	101780.24775185017	80011.38041387874	80011.38041387874	13680.842233681311	49534.833758758425	213619.5141773722	213619.5141773722	207926.2698236434	59126.14141388613	59126.14141388613	74434.7279028639	93350.94915843512	101780.24775185017	13680.842233681311	213619.5141773722	59126.14141388613	74434.7279028639	93350.94915843512
PH2017_11_PCY_U_A	59931.50722359747	59946.07495111127	33353.29619554784	33361.22776911947	33794.287339635826	33900.34252177586	33595.27558534857	33642.17532712568	26065.20900492088	4573.4527913854145	46.07052236714564	662.6264658671763	42658.05599791438	42582.06742877808	258452.80043989877	256628.51355657872	124967.93038314088	117629.43622421379	117644.00664469704	85742.20703382569	85826.18777492209	86959.62285572478	33354.898537689325	56899.8313126057	59976.49909352982	61961.980080292116	33573.788383152816	74899.93866186046	271199.4369886645	271586.012948644	41847.14000259112	44962.24896204678	0	0	85777.35325444245	85777.35325444245	99519.72458265175	99519.72458265175	92458.63564561671	173276.48744333014	56817.99878980338	56817.99878980338	124973.62937592553	124973.62937592553	58643.091195728106	4572.58479671163	258581.76313941905	258581.76313941905	252888.51878569025	14163.89245183934	14163.89245183934	29472.478940817127	48388.70019638831	56817.99878980338	58643.091195728106	258581.76313941905	14163.89245183934	29472.478940817127	48388.70019638831
PH2017_12_PCY_D_A	59931.50722359747	59946.07495111127	33353.29619554784	33361.22776911947	33794.287339635826	33900.34252177586	33595.27558534857	33642.17532712568	26065.20900492088	4573.4527913854145	46.07052236714564	662.6264658671763	42658.05599791438	42582.06742877808	258452.80043989877	256628.51355657872	124967.93038314088	117629.43622421379	117644.00664469704	85742.20703382569	85826.18777492209	86959.62285572478	33354.898537689325	56899.8313126057	59976.49909352982	61961.980080292116	33573.788383152816	74899.93866186046	271199.4369886645	271586.012948644	41847.14000259112	44962.24896204678	0	0	85777.35325444245	85777.35325444245	99519.72458265175	99519.72458265175	92458.63564561671	173276.48744333014	56817.99878980338	56817.99878980338	124973.62937592553	124973.62937592553	58643.091195728106	4572.58479671163	258581.76313941905	258581.76313941905	252888.51878569025	14163.89245183934	14163.89245183934	29472.478940817127	48388.70019638831	56817.99878980338	58643.091195728106	258581.76313941905	14163.89245183934	29472.478940817127	48388.70019638831
PH2017_13_LAR_U_A	145708.8604780399	145723.4282055537	119130.6494499903	119138.58102356194	119571.6405940783	119677.69577621833	119372.62883979104	119419.52858156816	111842.56225936333	90350.80604582789	85731.28273207533	86439.97972030965	43119.29725652804	43195.28582566434	186169.1643826514	184344.87749933134	52684.29432589356	45345.80016696648	45360.37058744975	35.14622061675285	48.83452047964102	1421.685989047471	119132.25179213179	142677.18456704816	145753.85234797225	147739.33333473455	119351.14163759528	160677.2919163029	198915.80093141712	199302.37689139662	43930.213251851295	40815.10429239564	85777.35325444247	85777.35325444247	0	0	13981.787715974422	13981.787715974422	6920.698778939399	87738.55057665273	142595.35204424584	142595.35204424584	52689.99331867823	52689.99331867823	27134.262058714343	90349.93805115411	186298.12708217168	186298.12708217168	180604.88272844287	99941.24570628181	99941.24570628181	115249.83219525957	134166.0534508308	142595.35204424584	27134.262058714343	186298.12708217168	99941.24570628181	115249.83219525957	134166.0534508308
PH2017_14_LAR_D_A	145708.8604780399	145723.4282055537	119130.6494499903	119138.58102356194	119571.6405940783	119677.69577621833	119372.62883979104	119419.52858156816	111842.56225936333	90350.80604582789	85731.28273207533	86439.97972030965	43119.29725652804	43195.28582566434	186169.1643826514	184344.87749933134	52684.29432589356	45345.80016696648	45360.37058744975	35.14622061675285	48.83452047964102	1421.685989047471	119132.25179213179	142677.18456704816	145753.85234797225	147739.33333473455	119351.14163759528	160677.2919163029	198915.80093141712	199302.37689139662	43930.213251851295	40815.10429239564	85777.35325444247	85777.35325444247	0	0	13981.787715974422	13981.787715974422	6920.698778939399	87738.55057665273	142595.35204424584	142595.35204424584	52689.99331867823	52689.99331867823	27134.262058714343	90349.93805115411	186298.12708217168	186298.12708217168	180604.88272844287	99941.24570628181	99941.24570628181	115249.83219525957	134166.0534508308	142595.35204424584	27134.262058714343	186298.12708217168	99941.24570628181	115249.83219525957	134166.0534508308
PH2017_15_JOR_U_A	159451.23180624918	159465.799533763	132873.02077819963	132880.95235177127	133314.0119222876	133420.06710442764	133115.00016800035	133161.89990977748	125584.93358757262	104093.17737403719	99473.65406028462	100182.35104851895	56861.66858473733	56937.65715387363	199911.53571086068	198087.24882754064	66426.66565410284	59088.171495175775	59102.74191565903	13946.641495357668	14030.622236454063	12560.10172692695	132874.6231203411	156419.55589525745	159496.22367618154	161481.70466294384	133093.5129658046	174419.6632445122	212658.17225962642	213044.7482196059	57672.58458006059	54557.475620604935	99519.72458265176	99519.72458265176	13981.78771597442	13981.78771597442	0	0	7778.524372255694	74527.20797214303	156337.72337245513	156337.72337245513	66432.36464688751	66432.36464688751	40876.633386923655	104092.3093793634	200040.49841038097	200040.49841038097	194347.25405665216	113683.61703449111	113683.61703449111	128992.20352346887	147908.4247790401	156337.72337245513	40876.633386923655	200040.49841038097	113683.61703449111	128992.20352346887	147908.4247790401
PH2017_16_JOR_D_A	159451.23180624918	159465.799533763	132873.02077819963	132880.95235177127	133314.0119222876	133420.06710442764	133115.00016800035	133161.89990977748	125584.93358757262	104093.17737403719	99473.65406028462	100182.35104851895	56861.66858473733	56937.65715387363	199911.53571086068	198087.24882754064	66426.66565410284	59088.171495175775	59102.74191565903	13946.641495357668	14030.622236454063	12560.10172692695	132874.6231203411	156419.55589525745	159496.22367618154	161481.70466294384	133093.5129658046	174419.6632445122	212658.17225962642	213044.7482196059	57672.58458006059	54557.475620604935	99519.72458265176	99519.72458265176	13981.78771597442	13981.78771597442	0	0	7778.524372255694	74527.20797214303	156337.72337245513	156337.72337245513	66432.36464688751	66432.36464688751	40876.633386923655	104092.3093793634	200040.49841038097	200040.49841038097	194347.25405665216	113683.61703449111	113683.61703449111	128992.20352346887	147908.4247790401	156337.72337245513	40876.633386923655	200040.49841038097	113683.61703449111	128992.20352346887	147908.4247790401
PH2017_17_BER_D_A	152390.14286921415	152404.71059672796	125811.93184116458	125819.86341473622	126252.92298525258	126358.9781673926	126053.91123096531	126100.81097274243	118523.8446505376	97032.08843700217	92412.5651232496	93121.26211148393	49800.5796477023	49876.568216838605	192850.44677382565	191026.1598905056	59365.57671706782	52027.08255814075	52041.652978624006	6885.5525583226445	6969.5332994190385	5499.012789891926	125813.53418330607	149358.46695822242	152435.1347391465	154420.6157259088	126032.42402876956	167358.57430747716	205597.08332259138	205983.65928257088	50611.49564302556	47496.38668356991	92458.63564561674	92458.63564561674	6920.698778939397	6920.698778939397	7778.524372255693	7778.524372255693	0	81535.287232934	149276.6344354201	149276.6344354201	59371.275709852496	59371.275709852496	33815.54444988863	97031.22044232838	192979.40947334594	192979.40947334594	187286.16511961713	106622.52809745609	106622.52809745609	121931.11458643385	140847.33584200506	149276.6344354201	33815.54444988863	192979.40947334594	106622.52809745609	121931.11458643385	140847.33584200506
PH2017_18_LLB_O_A	233207.99466692755	233222.56239444134	206629.78363887797	206637.7152124496	207070.77478296595	207176.82996510598	206871.76302867872	206918.66277045582	199341.69644825096	177849.94023471547	173230.41692096292	173939.11390919721	130618.43144541555	130694.42001455186	273668.29857153905	271844.011688219	140183.42851478103	132844.934355854	132859.50477633724	87703.40435603599	87787.38509713238	86316.86458760528	206631.38598101947	230176.31875593582	233252.98653685988	235238.4675236222	206850.27582648298	248176.42610519053	286414.93512030476	286801.51108028425	131429.3474407388	128314.23848128317	173276.48744333006	173276.48744333006	87738.55057665273	87738.55057665273	74527.20797214305	74527.20797214305	81535.28723293402	0	230094.48623313347	230094.48623313347	140189.12750756572	140189.12750756572	114633.39624760191	177849.07224004169	273797.26127105934	273797.26127105934	268104.01691733056	187440.37989516946	187440.37989516946	202748.96638414724	221665.18763971847	230094.48623313347	114633.39624760191	273797.26127105934	187440.37989516946	202748.96638414724	221665.18763971847
PH2017_19_SFW_U_A	3113.508433794094	3128.076161307897	23464.702594255526	23456.77102068389	23588.001375867534	23694.05655800757	23388.98962158028	23435.88936335739	30752.78978488248	52244.54599841793	56864.0693121705	56155.37232393617	99476.05478771773	99400.06621858143	315270.7992297023	313446.5123463822	181785.92917294422	174447.43501401713	174462.00543450037	142560.20582362902	142644.18656472542	143777.6216455281	23463.10025211404	81.8325228023203	3158.500303726447	5143.981290488741	23367.502419384524	18081.939872057097	328017.4357784679	328404.0117384474	98665.13879239449	101780.24775185015	56817.99878980335	56817.99878980335	142595.35204424578	142595.35204424578	156337.72337245508	156337.72337245508	149276.63443542007	230094.48623313353	0	0	181791.62816572888	181791.62816572888	115461.08998553145	52245.41399309172	315399.76192922256	315399.76192922256	309706.5175754937	43782.93158440903	43782.93158440903	27345.51984898623	24407.992423076	0	115461.08998553145	315399.76192922256	43782.93158440903	27345.51984898623	24407.992423076
PH2017_20_SFW_D_A	3113.508433794094	3128.076161307897	23464.702594255526	23456.77102068389	23588.001375867534	23694.05655800757	23388.98962158028	23435.88936335739	30752.78978488248	52244.54599841793	56864.0693121705	56155.37232393617	99476.05478771773	99400.06621858143	315270.7992297023	313446.5123463822	181785.92917294422	174447.43501401713	174462.00543450037	142560.20582362902	142644.18656472542	143777.6216455281	23463.10025211404	81.8325228023203	3158.500303726447	5143.981290488741	23367.502419384524	18081.939872057097	328017.4357784679	328404.0117384474	98665.13879239449	101780.24775185015	56817.99878980335	56817.99878980335	142595.35204424578	142595.35204424578	156337.72337245508	156337.72337245508	149276.63443542007	230094.48623313353	0	0	181791.62816572888	181791.62816572888	115461.08998553145	52245.41399309172	315399.76192922256	315399.76192922256	309706.5175754937	43782.93158440903	43782.93158440903	27345.51984898623	24407.992423076	0	115461.08998553145	315399.76192922256	43782.93158440903	27345.51984898623	24407.992423076
PH2017_24_DOB_U_A	184905.13659952307	184919.70432703686	158326.92557147337	158334.857145045	158767.91671556135	158873.97189770144	158568.90496127412	158615.80470305122	151038.83838084637	129547.08216731097	124927.55885355841	125636.25584179274	82315.57337801113	82391.56194714743	154044.12973118853	152219.84284786845	5.698992784665932	7344.193151711744	7329.622731228482	52654.847098061495	52738.827839157886	53872.262919960594	158328.52791361487	181873.46068853134	184950.1284694554	186935.60945621773	158547.41775907838	199873.56803778606	166790.76627995423	167177.34223993373	83126.48937333439	80011.38041387875	124973.62937592555	124973.62937592555	52689.993318678244	52689.993318678244	66432.36464688755	66432.36464688755	59371.27570985252	140189.12750756583	181791.628165729	181791.628165729	0	0	66330.53818019747	129546.21417263719	154173.0924307088	154173.0924307088	148479.84807697998	139137.5218277649	139137.5218277649	154446.1083167427	173362.329572314	181791.628165729	66330.53818019747	154173.0924307088	139137.5218277649	154446.1083167427	173362.329572314
PH2017_25_DOB_D_A	184905.13659952307	184919.70432703686	158326.92557147337	158334.857145045	158767.91671556135	158873.97189770144	158568.90496127412	158615.80470305122	151038.83838084637	129547.08216731097	124927.55885355841	125636.25584179274	82315.57337801113	82391.56194714743	154044.12973118853	152219.84284786845	5.698992784665932	7344.193151711744	7329.622731228482	52654.847098061495	52738.827839157886	53872.262919960594	158328.52791361487	181873.46068853134	184950.1284694554	186935.60945621773	158547.41775907838	199873.56803778606	166790.76627995423	167177.34223993373	83126.48937333439	80011.38041387875	124973.62937592555	124973.62937592555	52689.993318678244	52689.993318678244	66432.36464688755	66432.36464688755	59371.27570985252	140189.12750756583	181791.628165729	181791.628165729	0	0	66330.53818019747	129546.21417263719	154173.0924307088	154173.0924307088	148479.84807697998	139137.5218277649	139137.5218277649	154446.1083167427	173362.329572314	181791.628165729	66330.53818019747	154173.0924307088	139137.5218277649	154446.1083167427	173362.329572314
PH2017_26_ELK_O_A	118574.59841932559	118589.16614683939	91996.38739127596	92004.3189648476	92437.37853536395	92543.43371750398	92238.3667810767	92285.26652285381	84708.30020064898	63216.54398711354	58597.020673360974	59305.71766159529	15985.035197813713	16061.023766950007	199809.7092441706	197985.42236085056	66324.83918741277	58986.34502848569	59000.91544896895	27099.115838097587	27183.096579193985	28316.531659996686	91997.98973341745	115542.92250833381	118619.59028925793	120605.07127602023	92216.87957888094	133543.02985758852	212556.34579293634	212942.92175291583	16795.951193136974	13680.842233681311	58643.09119572811	58643.09119572811	27134.262058714343	27134.262058714343	40876.63338692363	40876.63338692363	33815.54444988862	114633.39624760197	115461.0899855315	115461.0899855315	66330.53818019743	66330.53818019743	0	63215.675992439756	199938.6719436909	199938.6719436909	194245.42758996208	72806.98364756747	72806.98364756747	88115.57013654523	107031.79139211644	115461.0899855315	0	199938.6719436909	72806.98364756747	88115.57013654523	107031.79139211644
PH2017_27_LUM_O_A	55358.92242688584	55373.49015439964	28780.71139883621	28788.64297240784	29221.7025429242	29327.757725064235	29022.690788636944	29069.590530414054	21492.62420820925	0.867994673784646	4618.655319078776	3909.958330844454	47230.64079462601	47154.652225489706	263025.3852366105	261201.09835329038	129540.51517985249	122202.0210209254	122216.59144140866	90314.7918305373	90398.7725716337	91532.2076524364	28782.313740977697	52327.24651589406	55403.914296818184	57389.39528358048	29001.20358644119	70327.35386514883	275772.0217853761	276158.5977453556	46419.72479930275	49534.83375875841	4572.584796711631	4572.584796711631	90349.93805115407	90349.93805115407	104092.30937936336	104092.30937936336	97031.22044232833	177849.0722400418	52245.413993091744	52245.413993091744	129546.21417263715	129546.21417263715	63215.675992439734	0	263154.34793613077	263154.34793613077	257461.1035824019	9591.307655127708	9591.307655127708	24899.8941441055	43816.11539967667	52245.413993091744	63215.675992439734	263154.34793613077	9591.307655127708	24899.8941441055	43816.11539967667
PH2017_28_MFU_U_A	318513.27036301635	318527.83809053013	291935.05933496665	291942.9909085383	292376.0504790546	292482.1056611947	292177.0387247674	292223.9384665445	284646.9721443397	263155.21593080426	258535.69261705174	259244.38960528604	215923.70714150442	215999.69571064072	128.9626995202845	1953.2495828403319	154167.39343792424	146828.8992789971	146843.46969948037	186262.9808615548	186346.9616026512	187480.3966834539	291936.66167710815	315481.5944520246	318558.2622329487	320543.743219711	292155.55152257165	333481.7018012792	118281.13622928805	118667.71218926752	216734.6231368277	213619.51417737207	258581.76313941888	258581.76313941888	186298.12708217156	186298.12708217156	200040.49841038085	200040.49841038085	192979.4094733458	273797.26127105905	315399.7619292223	315399.7619292223	154173.0924307089	154173.0924307089	199938.67194369077	263154.3479361305	0	0	7164.718330543176	272745.6555912581	272745.6555912581	288054.24208023597	306970.4633358073	315399.7619292223	199938.67194369077	0	272745.6555912581	288054.24208023597	306970.4633358073
PH2017_29_MFU_D_A	318513.27036301635	318527.83809053013	291935.05933496665	291942.9909085383	292376.0504790546	292482.1056611947	292177.0387247674	292223.9384665445	284646.9721443397	263155.21593080426	258535.69261705174	259244.38960528604	215923.70714150442	215999.69571064072	128.9626995202845	1953.2495828403319	154167.39343792424	146828.8992789971	146843.46969948037	186262.9808615548	186346.9616026512	187480.3966834539	291936.66167710815	315481.5944520246	318558.2622329487	320543.743219711	292155.55152257165	333481.7018012792	118281.13622928805	118667.71218926752	216734.6231368277	213619.51417737207	258581.76313941888	258581.76313941888	186298.12708217156	186298.12708217156	200040.49841038085	200040.49841038085	192979.4094733458	273797.26127105905	315399.7619292223	315399.7619292223	154173.0924307089	154173.0924307089	199938.67194369077	263154.3479361305	0	0	7164.718330543176	272745.6555912581	272745.6555912581	288054.24208023597	306970.4633358073	315399.7619292223	199938.67194369077	0	272745.6555912581	288054.24208023597	306970.4633358073
PH2017_30_WIL_O_A	312820.0260092876	312834.5937368014	286241.8149812379	286249.74655480956	286682.8061253259	286788.861307466	286483.7943710387	286530.6941128158	278953.727790611	257461.97157707548	252842.44826332293	253551.14525155723	210230.4627877756	210306.45135691192	7035.755631022892	5211.468747702844	148474.14908419544	141135.6549252683	141150.22534575156	180569.736507826	180653.7172489224	181787.1523297251	286243.4173233794	309788.3500982959	312865.01787921996	314850.4988659823	286462.30716884293	327788.4574475505	112587.89187555926	112974.46783553873	211041.3787830989	207926.26982364326	252888.51878569007	252888.51878569007	180604.88272844275	180604.88272844275	194347.25405665205	194347.25405665205	187286.16511961698	268104.01691733033	309706.5175754936	309706.5175754936	148479.8480769801	148479.8480769801	194245.42758996197	257461.1035824017	7164.718330543177	7164.718330543177	0	267052.41123752936	267052.41123752936	282360.99772650725	301277.2189820786	309706.5175754936	194245.42758996197	7164.718330543177	267052.41123752936	282360.99772650725	301277.2189820786
PH2017_31_RDM_U_A	46896.44001820314	46911.00774571694	20318.22899015352	20326.16056372515	20759.220134241506	20865.275316381547	20560.208379954252	20607.108121731362	13030.141799526562	9590.439660453925	14209.962974206484	13501.265985972163	56821.948449753734	56745.95988061743	272616.69289173814	270792.40600841807	139131.8228349802	131793.32867605312	131807.89909653636	99906.099485665	99990.0802267614	101123.5153075641	20319.831332295005	43864.76410721136	46941.431888135485	48926.91287489778	20538.7211777585	61864.871456466135	285363.3294405038	285749.9054004833	56011.032454430475	59126.14141388614	14163.892451839338	14163.892451839338	99941.24570628177	99941.24570628177	113683.61703449106	113683.61703449106	106622.52809745603	187440.37989516952	43782.931584409045	43782.931584409045	139137.52182776487	139137.52182776487	72806.98364756744	9591.30765512771	272745.65559125843	272745.65559125843	267052.4112375296	0	0	16437.411735422807	35353.632990993974	43782.931584409045	72806.98364756744	272745.65559125843	0	16437.411735422807	35353.632990993974
PH2017_32_RDM_D_A	46896.44001820314	46911.00774571694	20318.22899015352	20326.16056372515	20759.220134241506	20865.275316381547	20560.208379954252	20607.108121731362	13030.141799526562	9590.439660453925	14209.962974206484	13501.265985972163	56821.948449753734	56745.95988061743	272616.69289173814	270792.40600841807	139131.8228349802	131793.32867605312	131807.89909653636	99906.099485665	99990.0802267614	101123.5153075641	20319.831332295005	43864.76410721136	46941.431888135485	48926.91287489778	20538.7211777585	61864.871456466135	285363.3294405038	285749.9054004833	56011.032454430475	59126.14141388614	14163.892451839338	14163.892451839338	99941.24570628177	99941.24570628177	113683.61703449106	113683.61703449106	106622.52809745603	187440.37989516952	43782.931584409045	43782.931584409045	139137.52182776487	139137.52182776487	72806.98364756744	9591.30765512771	272745.65559125843	272745.65559125843	267052.4112375296	0	0	16437.411735422807	35353.632990993974	43782.931584409045	72806.98364756744	272745.65559125843	0	16437.411735422807	35353.632990993974
PH2017_33_LGB_O_A	30459.028282780317	30473.59601029412	3880.8172547307063	3888.7488283023413	4321.808398818698	4427.863580958738	4122.796644531444	4169.696386308553	3407.269935896247	24899.026149431716	29518.549463184274	28809.852474949952	72130.534938731507	72054.5463695952	287925.27938071603	286100.99249739596	154440.409323958	147101.91516503092	147116.48558551416	115214.6859746428	115298.6667157392	116432.10179654189	3882.4195968721942	27427.352371788547	30504.02015271267	32489.501139474964	4101.309442335692	45427.45972104333	300671.9159294817	301058.4918894612	71319.61894340826	74434.72790286393	29472.478940817127	29472.478940817127	115249.83219525956	115249.83219525956	128992.20352346885	128992.20352346885	121931.11458643382	202748.96638414732	27345.519848986227	27345.519848986227	154446.10831674267	154446.10831674267	88115.57013654523	24899.894144105503	288054.2420802363	288054.2420802363	282360.9977265075	16437.41173542281	16437.41173542281	0	18916.221255571167	27345.519848986227	88115.57013654523	288054.2420802363	16437.41173542281	0	18916.221255571167
PH2017_34_RAT_O_A	27521.500856870087	27536.068584383895	15035.404000840463	15027.472427268829	15158.70278245247	15264.757964592509	14959.691028165214	15006.590769942324	22323.491191467416	43815.247405002876	48434.77071875544	47726.073730521115	91046.75619430268	90970.76762516638	306841.5006362874	305017.2137529673	173356.6305795291	166018.136420602	166032.70684108525	134130.90723021398	134214.88797131038	135348.32305211306	15033.801658698976	24489.824945878318	27566.49272680244	29551.973713564737	14938.203825969464	42489.93229513309	319588.137185053	319974.7131450325	90235.84019897944	93350.9491584351	48388.700196388294	48388.700196388294	134166.05345083075	134166.05345083075	147908.42477903995	147908.42477903995	140847.33584200495	221665.1876397184	24407.992423076	24407.992423076	173362.32957231376	173362.32957231376	107031.7913921164	43816.115399676666	306970.46333580767	306970.46333580767	301277.21898207883	35353.63299099398	35353.63299099398	18916.221255571167	0	24407.992423076	107031.7913921164	306970.46333580767	35353.63299099398	18916.221255571167	0
PH2017_35_SFW_U_B	3113.508433794094	3128.076161307897	23464.702594255526	23456.77102068389	23588.001375867534	23694.05655800757	23388.98962158028	23435.88936335739	30752.78978488248	52244.54599841793	56864.0693121705	56155.37232393617	99476.05478771773	99400.06621858143	315270.7992297023	313446.5123463822	181785.92917294422	174447.43501401713	174462.00543450037	142560.20582362902	142644.18656472542	143777.6216455281	23463.10025211404	81.8325228023203	3158.500303726447	5143.981290488741	23367.502419384524	18081.939872057097	328017.4357784679	328404.0117384474	98665.13879239449	101780.24775185015	56817.99878980335	56817.99878980335	142595.35204424578	142595.35204424578	156337.72337245508	156337.72337245508	149276.63443542007	230094.48623313353	0	0	181791.62816572888	181791.62816572888	115461.08998553145	52245.41399309172	315399.76192922256	315399.76192922256	309706.5175754937	43782.93158440903	43782.93158440903	27345.51984898623	24407.992423076	0	115461.08998553145	315399.76192922256	43782.93158440903	27345.51984898623	24407.992423076
PH2017_36_ELK_O_B	118574.59841932559	118589.16614683939	91996.38739127596	92004.3189648476	92437.37853536395	92543.43371750398	92238.3667810767	92285.26652285381	84708.30020064898	63216.54398711354	58597.020673360974	59305.71766159529	15985.035197813713	16061.023766950007	199809.7092441706	197985.42236085056	66324.83918741277	58986.34502848569	59000.91544896895	27099.115838097587	27183.096579193985	28316.531659996686	91997.98973341745	115542.92250833381	118619.59028925793	120605.07127602023	92216.87957888094	133543.02985758852	212556.34579293634	212942.92175291583	16795.951193136974	13680.842233681311	58643.09119572811	58643.09119572811	27134.262058714343	27134.262058714343	40876.63338692363	40876.63338692363	33815.54444988862	114633.39624760197	115461.0899855315	115461.0899855315	66330.53818019743	66330.53818019743	0	63215.675992439756	199938.6719436909	199938.6719436909	194245.42758996208	72806.98364756747	72806.98364756747	88115.57013654523	107031.79139211644	115461.0899855315	0	199938.6719436909	72806.98364756747	88115.57013654523	107031.79139211644
PH2017_37_MFU_D_B	318513.27036301635	318527.83809053013	291935.05933496665	291942.9909085383	292376.0504790546	292482.1056611947	292177.0387247674	292223.9384665445	284646.9721443397	263155.21593080426	258535.69261705174	259244.38960528604	215923.70714150442	215999.69571064072	128.9626995202845	1953.2495828403319	154167.39343792424	146828.8992789971	146843.46969948037	186262.9808615548	186346.9616026512	187480.3966834539	291936.66167710815	315481.5944520246	318558.2622329487	320543.743219711	292155.55152257165	333481.7018012792	118281.13622928805	118667.71218926752	216734.6231368277	213619.51417737207	258581.76313941888	258581.76313941888	186298.12708217156	186298.12708217156	200040.49841038085	200040.49841038085	192979.4094733458	273797.26127105905	315399.7619292223	315399.7619292223	154173.0924307089	154173.0924307089	199938.67194369077	263154.3479361305	0	0	7164.718330543176	272745.6555912581	272745.6555912581	288054.24208023597	306970.4633358073	315399.7619292223	199938.67194369077	0	272745.6555912581	288054.24208023597	306970.4633358073
PH2017_38_RDM_U_B	46896.44001820314	46911.00774571694	20318.22899015352	20326.16056372515	20759.220134241506	20865.275316381547	20560.208379954252	20607.108121731362	13030.141799526562	9590.439660453925	14209.962974206484	13501.265985972163	56821.948449753734	56745.95988061743	272616.69289173814	270792.40600841807	139131.8228349802	131793.32867605312	131807.89909653636	99906.099485665	99990.0802267614	101123.5153075641	20319.831332295005	43864.76410721136	46941.431888135485	48926.91287489778	20538.7211777585	61864.871456466135	285363.3294405038	285749.9054004833	56011.032454430475	59126.14141388614	14163.892451839338	14163.892451839338	99941.24570628177	99941.24570628177	113683.61703449106	113683.61703449106	106622.52809745603	187440.37989516952	43782.931584409045	43782.931584409045	139137.52182776487	139137.52182776487	72806.98364756744	9591.30765512771	272745.65559125843	272745.65559125843	267052.4112375296	0	0	16437.411735422807	35353.632990993974	43782.931584409045	72806.98364756744	272745.65559125843	0	16437.411735422807	35353.632990993974
PH2017_39_LGB_O_B	30459.028282780317	30473.59601029412	3880.8172547307063	3888.7488283023413	4321.808398818698	4427.863580958738	4122.796644531444	4169.696386308553	3407.269935896247	24899.026149431716	29518.549463184274	28809.852474949952	72130.534938731507	72054.5463695952	287925.27938071603	286100.99249739596	154440.409323958	147101.91516503092	147116.48558551416	115214.6859746428	115298.6667157392	116432.10179654189	3882.4195968721942	27427.352371788547	30504.02015271267	32489.501139474964	4101.309442335692	45427.45972104333	300671.9159294817	301058.4918894612	71319.61894340826	74434.72790286393	29472.478940817127	29472.478940817127	115249.83219525956	115249.83219525956	128992.20352346885	128992.20352346885	121931.11458643382	202748.96638414732	27345.519848986227	27345.519848986227	154446.10831674267	154446.10831674267	88115.57013654523	24899.894144105503	288054.2420802363	288054.2420802363	282360.9977265075	16437.41173542281	16437.41173542281	0	18916.221255571167	27345.519848986227	88115.57013654523	288054.2420802363	16437.41173542281	0	18916.221255571167
PH2017_40_RAT_O_B	27521.500856870087	27536.068584383895	15035.404000840463	15027.472427268829	15158.70278245247	15264.757964592509	14959.691028165214	15006.590769942324	22323.491191467416	43815.247405002876	48434.77071875544	47726.073730521115	91046.75619430268	90970.76762516638	306841.5006362874	305017.2137529673	173356.6305795291	166018.136420602	166032.70684108525	134130.90723021398	134214.88797131038	135348.32305211306	15033.801658698976	24489.824945878318	27566.49272680244	29551.973713564737	14938.203825969464	42489.93229513309	319588.137185053	319974.7131450325	90235.84019897944	93350.9491584351	48388.700196388294	48388.700196388294	134166.05345083075	134166.05345083075	147908.42477903995	147908.42477903995	140847.33584200495	221665.1876397184	24407.992423076	24407.992423076	173362.32957231376	173362.32957231376	107031.7913921164	43816.115399676666	306970.46333580767	306970.46333580767	301277.21898207883	35353.63299099398	35353.63299099398	18916.221255571167	0	24407.992423076	107031.7913921164	306970.46333580767	35353.63299099398	18916.221255571167	0
